{
  "results": [
    {
      "command": "bin/quickaml test/fib_call.qbc",
      "mean": 1.8520732497999997,
      "stddev": 0.009260024532072099,
      "median": 1.8546458540000001,
      "user": 1.8255162999999999,
      "system": 0.0011189000000000001,
      "min": 1.836440042,
      "max": 1.862420416,
      "times": [
        1.8583795410000001,
        1.860078583,
        1.8509264170000002,
        1.836440042,
        1.8552994580000002,
        1.8415825,
        1.860495458,
        1.862420416,
        1.8411178330000002,
        1.8539922500000001
      ],
      "exit_codes": [
        0,
        0,
        0,
        0,
        0,
        0,
        0,
        0,
        0,
        0
      ]
    }
  ]
}
