{
  "results": [
    {
      "command": "bin/quickaml test/fib_apply.qbc",
      "mean": 2.0400793918,
      "stddev": 0.010033335183394615,
      "median": 2.0395737295,
      "user": 2.0140762,
      "system": 0.0010104,
      "min": 2.023028292,
      "max": 2.063557667,
      "times": [
        2.023028292,
        2.040323458,
        2.039445584,
        2.063557667,
        2.033338833,
        2.039701875,
        2.039915,
        2.039180209,
        2.043878,
        2.038425
      ],
      "exit_codes": [
        0,
        0,
        0,
        0,
        0,
        0,
        0,
        0,
        0,
        0
      ]
    }
  ]
}
