{
  "results": [
    {
      "command": "bin/quickaml test/fib_apply.qbc",
      "mean": 2.0400806500999997,
      "stddev": 0.010210573455705722,
      "median": 2.036865021,
      "user": 2.0125599999999997,
      "system": 0.0010653000000000001,
      "min": 2.028727208,
      "max": 2.064635333,
      "times": [
        2.036763167,
        2.04497925,
        2.047391833,
        2.036966875,
        2.028727208,
        2.037656584,
        2.031937834,
        2.036485917,
        2.0352625,
        2.064635333
      ],
      "exit_codes": [
        0,
        0,
        0,
        0,
        0,
        0,
        0,
        0,
        0,
        0
      ]
    }
  ]
}
