{
  "results": [
    {
      "command": "bin/quickaml test/fib_call.qbc",
      "mean": 1.8273479167000002,
      "stddev": 0.007592307189895406,
      "median": 1.8266334165,
      "user": 1.8022269999999998,
      "system": 0.0009747,
      "min": 1.814158833,
      "max": 1.838694334,
      "times": [
        1.835566417,
        1.82457825,
        1.823351208,
        1.814158833,
        1.832478083,
        1.823377292,
        1.838694334,
        1.820016167,
        1.828688583,
        1.83257
      ],
      "exit_codes": [
        0,
        0,
        0,
        0,
        0,
        0,
        0,
        0,
        0,
        0
      ]
    }
  ]
}
