{
  "results": [
    {
      "command": "bin/quickaml test/fib_call.qbc",
      "mean": 1.8020561377,
      "stddev": 0.009817691247148106,
      "median": 1.8029334165000002,
      "user": 1.7697486999999998,
      "system": 0.0008643999999999999,
      "min": 1.7877170420000001,
      "max": 1.815405458,
      "times": [
        1.815405458,
        1.8021585830000002,
        1.7889895,
        1.809237584,
        1.793429792,
        1.798850542,
        1.814420667,
        1.7877170420000001,
        1.806643959,
        1.8037082500000001
      ],
      "exit_codes": [
        0,
        0,
        0,
        0,
        0,
        0,
        0,
        0,
        0,
        0
      ]
    }
  ]
}
