{
  "results": [
    {
      "command": "bin/quickaml test/fib_apply.qbc",
      "mean": 2.052532625,
      "stddev": 0.019604222344572417,
      "median": 2.0649125,
      "user": 2.0156003999999994,
      "system": 0.0008486,
      "min": 2.02319475,
      "max": 2.069830417,
      "times": [
        2.02319475,
        2.066304,
        2.037795542,
        2.069830417,
        2.02669725,
        2.069429833,
        2.065856667,
        2.063968333,
        2.068829542,
        2.033419916
      ],
      "exit_codes": [
        0,
        0,
        0,
        0,
        0,
        0,
        0,
        0,
        0,
        0
      ]
    }
  ]
}
