{
  "results": [
    {
      "command": "bin/quickaml test/fib_apply.qbc",
      "mean": 2.0693345457000003,
      "stddev": 0.003846492479120535,
      "median": 2.0682216039999997,
      "user": 2.0364109,
      "system": 0.0009437000000000001,
      "min": 2.063911833,
      "max": 2.0776925,
      "times": [
        2.068041208,
        2.068061458,
        2.063911833,
        2.072963792,
        2.067796792,
        2.065855166,
        2.06838175,
        2.0776925,
        2.070085208,
        2.07055575
      ],
      "exit_codes": [
        0,
        0,
        0,
        0,
        0,
        0,
        0,
        0,
        0,
        0
      ]
    }
  ]
}
