{
  "results": [
    {
      "command": "bin/quickaml test/fib_call.qbc",
      "mean": 1.8262681710000002,
      "stddev": 0.009485212102774613,
      "median": 1.8280955620000001,
      "user": 1.7971363,
      "system": 0.0008985999999999997,
      "min": 1.808185125,
      "max": 1.835458959,
      "times": [
        1.826410416,
        1.8343890840000001,
        1.835458959,
        1.808185125,
        1.833151917,
        1.834769375,
        1.8130130420000001,
        1.82130925,
        1.829780708,
        1.826213834
      ],
      "exit_codes": [
        0,
        0,
        0,
        0,
        0,
        0,
        0,
        0,
        0,
        0
      ]
    }
  ]
}
