{
  "results": [
    {
      "command": "bin/quickaml test/fib_call.qbc",
      "mean": 3.1651321980000002,
      "stddev": 0.007017514050930804,
      "median": 3.1624694399999997,
      "user": 3.1625887,
      "system": 0.0015997000000000001,
      "min": 3.157671246,
      "max": 3.176922062,
      "times": [
        3.159314707,
        3.161820835,
        3.163118045,
        3.172481723,
        3.176922062,
        3.163569754,
        3.157671246,
        3.159814791,
        3.175189911,
        3.161418906
      ],
      "exit_codes": [
        0,
        0,
        0,
        0,
        0,
        0,
        0,
        0,
        0,
        0
      ]
    }
  ]
}
