{
  "results": [
    {
      "command": "bin/quickaml test/fib_apply.qbc",
      "mean": 3.7841872229000004,
      "stddev": 0.05723121295630687,
      "median": 3.766262355,
      "user": 3.7816856999999997,
      "system": 0.0014000000000000002,
      "min": 3.726361326,
      "max": 3.911636098,
      "times": [
        3.7438715570000003,
        3.726361326,
        3.79451891,
        3.911636098,
        3.754665028,
        3.777859682,
        3.822246445,
        3.8291442030000002,
        3.738468008,
        3.743100972
      ],
      "exit_codes": [
        0,
        0,
        0,
        0,
        0,
        0,
        0,
        0,
        0,
        0
      ]
    }
  ]
}
