{
  "results": [
    {
      "command": "bin/quickaml test/fib_apply.qbc",
      "mean": 3.8818663237999997,
      "stddev": 0.02005104966738855,
      "median": 3.878511425,
      "user": 3.8798368999999995,
      "system": 0.0013,
      "min": 3.860266281,
      "max": 3.925462506,
      "times": [
        3.89868149,
        3.860266281,
        3.871004846,
        3.865364667,
        3.862554036,
        3.89525644,
        3.877507819,
        3.883050122,
        3.879515031,
        3.925462506
      ],
      "exit_codes": [
        0,
        0,
        0,
        0,
        0,
        0,
        0,
        0,
        0,
        0
      ]
    }
  ]
}
