{
  "results": [
    {
      "command": "bin/quickaml test/fib_call.qbc",
      "mean": 3.2938483161,
      "stddev": 0.01851654074804693,
      "median": 3.2887503010000003,
      "user": 3.2914505,
      "system": 0.0014998000000000004,
      "min": 3.273330955,
      "max": 3.330418329,
      "times": [
        3.283364976,
        3.289475865,
        3.279562594,
        3.310390452,
        3.330418329,
        3.273330955,
        3.275035833,
        3.288024737,
        3.297073881,
        3.311805539
      ],
      "exit_codes": [
        0,
        0,
        0,
        0,
        0,
        0,
        0,
        0,
        0,
        0
      ]
    }
  ]
}
