{
  "results": [
    {
      "command": "bin/quickaml test/fib_apply.qbc",
      "mean": 1.9743769566999998,
      "stddev": 0.007803611955710232,
      "median": 1.9720852895,
      "user": 1.9729934,
      "system": 0.0005997999999999999,
      "min": 1.964533821,
      "max": 1.991473008,
      "times": [
        1.973483426,
        1.9708402770000002,
        1.964533821,
        1.974714917,
        1.9707678190000002,
        1.991473008,
        1.969543703,
        1.9842420170000001,
        1.972883763,
        1.971286816
      ],
      "exit_codes": [
        0,
        0,
        0,
        0,
        0,
        0,
        0,
        0,
        0,
        0
      ]
    }
  ]
}
