{
  "results": [
    {
      "command": "bin/quickaml test/fib_call.qbc",
      "mean": 1.8006038153000001,
      "stddev": 0.010520254825621994,
      "median": 1.7974895750000002,
      "user": 1.7992788999999998,
      "system": 0.0005005,
      "min": 1.785466368,
      "max": 1.8202777440000002,
      "times": [
        1.800124807,
        1.7974654920000002,
        1.793762809,
        1.7975136580000002,
        1.785466368,
        1.81289505,
        1.795627546,
        1.809703746,
        1.8202777440000002,
        1.793200933
      ],
      "exit_codes": [
        0,
        0,
        0,
        0,
        0,
        0,
        0,
        0,
        0,
        0
      ]
    }
  ]
}
