{
  "results": [
    {
      "command": "bin/quickaml test/fib_call.qbc",
      "mean": 2.4726509458000003,
      "stddev": 0.009100434039356007,
      "median": 2.475286292,
      "user": 2.4631811000000003,
      "system": 0.0008799000000000001,
      "min": 2.456428291,
      "max": 2.481929833,
      "times": [
        2.45938925,
        2.476216417,
        2.473934583,
        2.474356167,
        2.465268333,
        2.481929833,
        2.480411125,
        2.479031792,
        2.479543667,
        2.456428291
      ],
      "exit_codes": [
        0,
        0,
        0,
        0,
        0,
        0,
        0,
        0,
        0,
        0
      ]
    }
  ]
}
