{
  "results": [
    {
      "command": "bin/quickaml test/fib_apply.qbc",
      "mean": 2.7797865373999997,
      "stddev": 0.008749430699079434,
      "median": 2.778101437,
      "user": 2.7700799,
      "system": 0.0008634999999999999,
      "min": 2.765152458,
      "max": 2.794420708,
      "times": [
        2.782597708,
        2.774326084,
        2.779237791,
        2.774173875,
        2.791197625,
        2.776965083,
        2.794420708,
        2.765152458,
        2.77475225,
        2.785041792
      ],
      "exit_codes": [
        0,
        0,
        0,
        0,
        0,
        0,
        0,
        0,
        0,
        0
      ]
    }
  ]
}
