{
  "results": [
    {
      "command": "bin/quickaml test/fib_call.qbc",
      "mean": 2.5846144427,
      "stddev": 0.003962164087228224,
      "median": 2.5839793995,
      "user": 2.5831299,
      "system": 0.0004997,
      "min": 2.579600348,
      "max": 2.593269212,
      "times": [
        2.584260025,
        2.582658689,
        2.582788522,
        2.579600348,
        2.587589866,
        2.593269212,
        2.580141266,
        2.585954029,
        2.586183696,
        2.583698774
      ],
      "exit_codes": [
        0,
        0,
        0,
        0,
        0,
        0,
        0,
        0,
        0,
        0
      ]
    }
  ]
}
