{
  "results": [
    {
      "command": "bin/quickaml test/fib_apply.qbc",
      "mean": 2.8251968885,
      "stddev": 0.003234424904042737,
      "median": 2.8253278120000003,
      "user": 2.8236271,
      "system": 0.00019989999999999998,
      "min": 2.818350048,
      "max": 2.82922049,
      "times": [
        2.825975895,
        2.82922049,
        2.823372643,
        2.818350048,
        2.824679729,
        2.826604526,
        2.829060364,
        2.822863392,
        2.824601563,
        2.827240235
      ],
      "exit_codes": [
        0,
        0,
        0,
        0,
        0,
        0,
        0,
        0,
        0,
        0
      ]
    }
  ]
}
