{
  "results": [
    {
      "command": "bin/quickaml test/fib_apply.qbc",
      "mean": 2.3541982493000004,
      "stddev": 0.01507238979334281,
      "median": 2.3506648755,
      "user": 2.3539703,
      "system": 0.0,
      "min": 2.331737617,
      "max": 2.379505586,
      "times": [
        2.345532695,
        2.379505586,
        2.348092648,
        2.353237103,
        2.357325446,
        2.370673595,
        2.344812371,
        2.341154183,
        2.331737617,
        2.369911249
      ],
      "exit_codes": [
        0,
        0,
        0,
        0,
        0,
        0,
        0,
        0,
        0,
        0
      ]
    }
  ]
}
