{
  "results": [
    {
      "command": "bin/quickaml test/fib_call.qbc",
      "mean": 1.9303112097,
      "stddev": 0.011623495836227458,
      "median": 1.9300868825000002,
      "user": 1.9290753999999999,
      "system": 0.0009987,
      "min": 1.916180339,
      "max": 1.9523412960000002,
      "times": [
        1.931657431,
        1.937666637,
        1.938101889,
        1.938069224,
        1.925504805,
        1.9285163340000002,
        1.916180339,
        1.9523412960000002,
        1.916680259,
        1.918393883
      ],
      "exit_codes": [
        0,
        0,
        0,
        0,
        0,
        0,
        0,
        0,
        0,
        0
      ]
    }
  ]
}
