{
  "results": [
    {
      "command": "bin/quickaml test/fib_call.qbc",
      "mean": 3.7474723417999996,
      "stddev": 0.062256963245925424,
      "median": 3.7286217605000003,
      "user": 3.7452286999999993,
      "system": 0.0019955999999999997,
      "min": 3.702648812,
      "max": 3.916754739,
      "times": [
        3.702712026,
        3.752103793,
        3.744952206,
        3.731576064,
        3.725667457,
        3.755978518,
        3.702648812,
        3.916754739,
        3.722096733,
        3.72023307
      ],
      "exit_codes": [
        0,
        0,
        0,
        0,
        0,
        0,
        0,
        0,
        0,
        0
      ]
    }
  ]
}
