{
  "results": [
    {
      "command": "bin/quickaml test/fib_apply.qbc",
      "mean": 4.3289220282,
      "stddev": 0.06655662841321341,
      "median": 4.3107267965,
      "user": 4.328371199999999,
      "system": 0.0,
      "min": 4.27556674,
      "max": 4.504444574,
      "times": [
        4.309371673,
        4.322730827,
        4.360702021,
        4.31208192,
        4.279599146,
        4.504444574,
        4.27556674,
        4.328905301,
        4.289463633,
        4.306354447
      ],
      "exit_codes": [
        0,
        0,
        0,
        0,
        0,
        0,
        0,
        0,
        0,
        0
      ]
    }
  ]
}
