{
  "results": [
    {
      "command": "bin/quickaml test/fib_apply.qbc",
      "mean": 2.0899136914,
      "stddev": 0.009189913788220493,
      "median": 2.087775395,
      "user": 2.0883711999999997,
      "system": 0.0004998,
      "min": 2.079863023,
      "max": 2.114250892,
      "times": [
        2.088165,
        2.114250892,
        2.092045675,
        2.0845187,
        2.079863023,
        2.08738579,
        2.088638501,
        2.086504038,
        2.086845747,
        2.090919548
      ],
      "exit_codes": [
        0,
        0,
        0,
        0,
        0,
        0,
        0,
        0,
        0,
        0
      ]
    }
  ]
}
