{
  "results": [
    {
      "command": "bin/quickaml test/fib_call.qbc",
      "mean": 1.8913981022000002,
      "stddev": 0.0112735651237444,
      "median": 1.892616919,
      "user": 1.8904008999999995,
      "system": 0.0005999,
      "min": 1.8731623110000002,
      "max": 1.914061006,
      "times": [
        1.8958784460000002,
        1.895732237,
        1.89032585,
        1.8797343670000002,
        1.8731623110000002,
        1.898382118,
        1.914061006,
        1.8857447870000001,
        1.894907988,
        1.886051912
      ],
      "exit_codes": [
        0,
        0,
        0,
        0,
        0,
        0,
        0,
        0,
        0,
        0
      ]
    }
  ]
}
