{
  "results": [
    {
      "command": "bin/quickaml test/fib_call.qbc",
      "mean": 3.3887210496,
      "stddev": 0.034416728866709885,
      "median": 3.3866597179999998,
      "user": 3.3866971999999995,
      "system": 0.0010998999999999998,
      "min": 3.33266163,
      "max": 3.472554553,
      "times": [
        3.386124655,
        3.384660028,
        3.472554553,
        3.395132625,
        3.387194781,
        3.389523659,
        3.390426368,
        3.37704056,
        3.371891637,
        3.33266163
      ],
      "exit_codes": [
        0,
        0,
        0,
        0,
        0,
        0,
        0,
        0,
        0,
        0
      ]
    }
  ]
}
