{
  "results": [
    {
      "command": "bin/quickaml test/fib_apply.qbc",
      "mean": 4.4362495802,
      "stddev": 0.04136543920168572,
      "median": 4.420234628,
      "user": 4.4340406,
      "system": 0.0013000000000000002,
      "min": 4.4105134,
      "max": 4.541456284,
      "times": [
        4.414714825,
        4.4192828760000005,
        4.474975861,
        4.541456284,
        4.4105134,
        4.412456612,
        4.415971536,
        4.424927262,
        4.42118638,
        4.427010766
      ],
      "exit_codes": [
        0,
        0,
        0,
        0,
        0,
        0,
        0,
        0,
        0,
        0
      ]
    }
  ]
}
