{
  "results": [
    {
      "command": "bin/quickaml test/fib_apply.qbc",
      "mean": 2.0130007833,
      "stddev": 0.005798238116241451,
      "median": 2.0150330204999998,
      "user": 2.0051885,
      "system": 0.0009204999999999998,
      "min": 2.00231175,
      "max": 2.018886208,
      "times": [
        2.010193042,
        2.013564833,
        2.00384575,
        2.00231175,
        2.016122334,
        2.018235792,
        2.018886208,
        2.016022625,
        2.014043416,
        2.016782083
      ],
      "exit_codes": [
        0,
        0,
        0,
        0,
        0,
        0,
        0,
        0,
        0,
        0
      ]
    }
  ]
}
