{
  "results": [
    {
      "command": "bin/quickaml test/fib_call.qbc",
      "mean": 1.9621320545000003,
      "stddev": 0.013202508878624373,
      "median": 1.9658581045,
      "user": 1.9355879000000002,
      "system": 0.0010379,
      "min": 1.932981792,
      "max": 1.976565917,
      "times": [
        1.950104375,
        1.966987792,
        1.970441625,
        1.9692282090000002,
        1.976565917,
        1.9579827500000002,
        1.932981792,
        1.957017709,
        1.964728417,
        1.9752819590000001
      ],
      "exit_codes": [
        0,
        0,
        0,
        0,
        0,
        0,
        0,
        0,
        0,
        0
      ]
    }
  ]
}
