{
  "results": [
    {
      "command": "bin/quickaml test/fib_call.qbc",
      "mean": 2.5529271875,
      "stddev": 0.0019072050191915066,
      "median": 2.552886896,
      "user": 2.5117664,
      "system": 0.0009885999999999999,
      "min": 2.5490264160000002,
      "max": 2.555536708,
      "times": [
        2.555536708,
        2.552888334,
        2.552885458,
        2.554916334,
        2.552352542,
        2.551450875,
        2.5522664170000002,
        2.553076708,
        2.5490264160000002,
        2.5548720830000002
      ],
      "exit_codes": [
        0,
        0,
        0,
        0,
        0,
        0,
        0,
        0,
        0,
        0
      ]
    }
  ]
}
