{
  "results": [
    {
      "command": "bin/quickaml test/fib_apply.qbc",
      "mean": 2.7973958208,
      "stddev": 0.003375951995504884,
      "median": 2.7970784585,
      "user": 2.750434,
      "system": 0.0010061,
      "min": 2.791968959,
      "max": 2.802338458,
      "times": [
        2.795362875,
        2.801511375,
        2.794537041,
        2.791968959,
        2.7958575420000003,
        2.794985291,
        2.798299375,
        2.800319042,
        2.79877825,
        2.802338458
      ],
      "exit_codes": [
        0,
        0,
        0,
        0,
        0,
        0,
        0,
        0,
        0,
        0
      ]
    }
  ]
}
