{
  "results": [
    {
      "command": "bin/quickaml test/fib_call.qbc",
      "mean": 1.9626482832,
      "stddev": 0.010663748814103521,
      "median": 1.9640365835,
      "user": 1.9271540999999999,
      "system": 0.0008524,
      "min": 1.950240541,
      "max": 1.9855321250000002,
      "times": [
        1.968112,
        1.950240541,
        1.956026208,
        1.9855321250000002,
        1.967326,
        1.9533050420000002,
        1.962208875,
        1.951034291,
        1.965864292,
        1.966833458
      ],
      "exit_codes": [
        0,
        0,
        0,
        0,
        0,
        0,
        0,
        0,
        0,
        0
      ]
    }
  ]
}
