{
  "results": [
    {
      "command": "bin/quickaml test/fib_apply.qbc",
      "mean": 2.0347079415,
      "stddev": 0.0036742139021257135,
      "median": 2.0345259374999998,
      "user": 1.9991621,
      "system": 0.0008675,
      "min": 2.029566791,
      "max": 2.042670125,
      "times": [
        2.034717042,
        2.033353708,
        2.029566791,
        2.03573325,
        2.042670125,
        2.032288709,
        2.035826791,
        2.031038375,
        2.034334833,
        2.037549791
      ],
      "exit_codes": [
        0,
        0,
        0,
        0,
        0,
        0,
        0,
        0,
        0,
        0
      ]
    }
  ]
}
