{
  "results": [
    {
      "command": "bin/quickaml test/fib_call.qbc",
      "mean": 1.9552145417999998,
      "stddev": 0.010328150225762861,
      "median": 1.955903375,
      "user": 1.9270402,
      "system": 0.0008770999999999999,
      "min": 1.939681208,
      "max": 1.970914959,
      "times": [
        1.939681208,
        1.940309166,
        1.9506620840000002,
        1.963286333,
        1.9559920000000002,
        1.961220875,
        1.95581475,
        1.970914959,
        1.964871709,
        1.9493923340000001
      ],
      "exit_codes": [
        0,
        0,
        0,
        0,
        0,
        0,
        0,
        0,
        0,
        0
      ]
    }
  ]
}
