{
  "results": [
    {
      "command": "bin/quickaml test/fib_apply.qbc",
      "mean": 2.0252829124000002,
      "stddev": 0.011944618247505291,
      "median": 2.0203259375,
      "user": 2.0023814,
      "system": 0.0010186999999999998,
      "min": 2.014539833,
      "max": 2.053595458,
      "times": [
        2.034181584,
        2.03088675,
        2.020325792,
        2.020326083,
        2.016287167,
        2.027649041,
        2.017178958,
        2.017858458,
        2.014539833,
        2.053595458
      ],
      "exit_codes": [
        0,
        0,
        0,
        0,
        0,
        0,
        0,
        0,
        0,
        0
      ]
    }
  ]
}
