{
  "results": [
    {
      "command": "bin/quickaml test/fib_call.qbc",
      "mean": 1.8011456875,
      "stddev": 0.014163517048751208,
      "median": 1.7961960625,
      "user": 1.7707371999999997,
      "system": 0.0008232,
      "min": 1.780805417,
      "max": 1.826363292,
      "times": [
        1.817087458,
        1.780805417,
        1.7962015,
        1.78666875,
        1.793623083,
        1.80665325,
        1.796190625,
        1.812317042,
        1.826363292,
        1.795546458
      ],
      "exit_codes": [
        0,
        0,
        0,
        0,
        0,
        0,
        0,
        0,
        0,
        0
      ]
    }
  ]
}
