{
  "results": [
    {
      "command": "bin/quickaml test/fib_apply.qbc",
      "mean": 2.035550221,
      "stddev": 0.02036347206945088,
      "median": 2.0312460625,
      "user": 2.0008095,
      "system": 0.0009270000000000001,
      "min": 2.016242,
      "max": 2.074640834,
      "times": [
        2.054057417,
        2.016242,
        2.016810334,
        2.01813125,
        2.074640834,
        2.05579025,
        2.0339385,
        2.028553625,
        2.016876542,
        2.0404614580000002
      ],
      "exit_codes": [
        0,
        0,
        0,
        0,
        0,
        0,
        0,
        0,
        0,
        0
      ]
    }
  ]
}
