{
  "results": [
    {
      "command": "bin/quickaml test/fib_call.qbc",
      "mean": 1.8268791167,
      "stddev": 0.00797562949676788,
      "median": 1.8281047085000002,
      "user": 1.7948784999999998,
      "system": 0.0008730999999999999,
      "min": 1.814476917,
      "max": 1.839933625,
      "times": [
        1.829380459,
        1.8223496670000001,
        1.831455333,
        1.8268289580000001,
        1.839933625,
        1.824532625,
        1.831951583,
        1.815221959,
        1.814476917,
        1.832660041
      ],
      "exit_codes": [
        0,
        0,
        0,
        0,
        0,
        0,
        0,
        0,
        0,
        0
      ]
    }
  ]
}
