{
  "results": [
    {
      "command": "bin/quickaml test/fib_apply.qbc",
      "mean": 2.0760557501999997,
      "stddev": 0.006651246339122011,
      "median": 2.074426792,
      "user": 2.0390395,
      "system": 0.0009019,
      "min": 2.068645125,
      "max": 2.093376667,
      "times": [
        2.078489834,
        2.075761792,
        2.074803917,
        2.074049667,
        2.093376667,
        2.076848042,
        2.073355042,
        2.072632208,
        2.072595208,
        2.068645125
      ],
      "exit_codes": [
        0,
        0,
        0,
        0,
        0,
        0,
        0,
        0,
        0,
        0
      ]
    }
  ]
}
