{
  "results": [
    {
      "command": "bin/quickaml test/fib_apply.qbc",
      "mean": 3.6879105790999995,
      "stddev": 0.003937191642673692,
      "median": 3.68813277,
      "user": 3.6855249,
      "system": 0.0012998000000000003,
      "min": 3.681797765,
      "max": 3.694103584,
      "times": [
        3.6917507460000003,
        3.681797765,
        3.6875418189999998,
        3.694103584,
        3.685445565,
        3.690917944,
        3.688723721,
        3.68931393,
        3.687126926,
        3.682383791
      ],
      "exit_codes": [
        0,
        0,
        0,
        0,
        0,
        0,
        0,
        0,
        0,
        0
      ]
    }
  ]
}
