{
  "results": [
    {
      "command": "bin/quickaml test/fib_call.qbc",
      "mean": 3.1753706546,
      "stddev": 0.006825881089223121,
      "median": 3.174015952,
      "user": 3.1715187,
      "system": 0.0010997000000000003,
      "min": 3.169263359,
      "max": 3.193726866,
      "times": [
        3.173676785,
        3.176583874,
        3.175256121,
        3.171654864,
        3.170894987,
        3.169263359,
        3.174355119,
        3.1729500330000002,
        3.193726866,
        3.175344538
      ],
      "exit_codes": [
        0,
        0,
        0,
        0,
        0,
        0,
        0,
        0,
        0,
        0
      ]
    }
  ]
}
