{
  "results": [
    {
      "command": "bin/quickaml test/fib_call.qbc",
      "mean": 1.8707668684999998,
      "stddev": 0.011263229003004313,
      "median": 1.8664086055000002,
      "user": 1.8697132,
      "system": 0.0005999,
      "min": 1.859475039,
      "max": 1.894362536,
      "times": [
        1.8707092310000002,
        1.8851772640000002,
        1.875758909,
        1.861594545,
        1.8644323850000002,
        1.864275257,
        1.863498693,
        1.859475039,
        1.8683848260000002,
        1.894362536
      ],
      "exit_codes": [
        0,
        0,
        0,
        0,
        0,
        0,
        0,
        0,
        0,
        0
      ]
    }
  ]
}
