{
  "results": [
    {
      "command": "bin/quickaml test/fib_apply.qbc",
      "mean": 2.008205752,
      "stddev": 0.01868033490395174,
      "median": 2.0021079630000003,
      "user": 2.0070326,
      "system": 0.0004998,
      "min": 1.991621753,
      "max": 2.053937476,
      "times": [
        1.991621753,
        2.009624126,
        2.053937476,
        2.011593088,
        1.994779426,
        1.995940637,
        2.005406033,
        1.997402807,
        1.9988098930000002,
        2.022942281
      ],
      "exit_codes": [
        0,
        0,
        0,
        0,
        0,
        0,
        0,
        0,
        0,
        0
      ]
    }
  ]
}
