{
  "results": [
    {
      "command": "bin/quickaml test/fib_call.qbc",
      "mean": 2.5617853999000006,
      "stddev": 0.0099585550551641,
      "median": 2.557390479,
      "user": 2.5163455000000003,
      "system": 0.0009031000000000001,
      "min": 2.5555904590000003,
      "max": 2.581367958,
      "times": [
        2.556567125,
        2.557855083,
        2.5555904590000003,
        2.559551833,
        2.557816291,
        2.5797244580000003,
        2.556304,
        2.556964667,
        2.5561121250000003,
        2.581367958
      ],
      "exit_codes": [
        0,
        0,
        0,
        0,
        0,
        0,
        0,
        0,
        0,
        0
      ]
    }
  ]
}
