{
  "results": [
    {
      "command": "bin/quickaml test/fib_apply.qbc",
      "mean": 2.7996152251,
      "stddev": 0.005808958990282975,
      "median": 2.7974769994999997,
      "user": 2.7506705,
      "system": 0.0009816,
      "min": 2.794677667,
      "max": 2.813645292,
      "times": [
        2.794992334,
        2.813645292,
        2.794677667,
        2.80051075,
        2.7962095,
        2.804573042,
        2.797271791,
        2.795906667,
        2.8006830000000003,
        2.797682208
      ],
      "exit_codes": [
        0,
        0,
        0,
        0,
        0,
        0,
        0,
        0,
        0,
        0
      ]
    }
  ]
}
