{
  "results": [
    {
      "command": "bin/quickaml test/fib_apply.qbc",
      "mean": 2.4222029044,
      "stddev": 0.03933901366317153,
      "median": 2.4088763045,
      "user": 2.4200340999999996,
      "system": 0.0019949,
      "min": 2.396184444,
      "max": 2.52514998,
      "times": [
        2.396184444,
        2.441494435,
        2.407585928,
        2.410166681,
        2.412503448,
        2.433335887,
        2.52514998,
        2.396486781,
        2.39659479,
        2.40252667
      ],
      "exit_codes": [
        0,
        0,
        0,
        0,
        0,
        0,
        0,
        0,
        0,
        0
      ]
    }
  ]
}
