{
  "results": [
    {
      "command": "bin/quickaml test/fib_call.qbc",
      "mean": 2.0017097429,
      "stddev": 0.09463829798402136,
      "median": 1.954608018,
      "user": 2.0013359,
      "system": 0.0,
      "min": 1.92637993,
      "max": 2.211244939,
      "times": [
        1.946522473,
        1.939307365,
        2.015166684,
        1.933302472,
        2.053889514,
        2.211244939,
        2.0999281,
        1.9626935630000002,
        1.928662389,
        1.92637993
      ],
      "exit_codes": [
        0,
        0,
        0,
        0,
        0,
        0,
        0,
        0,
        0,
        0
      ]
    }
  ]
}
