{
  "results": [
    {
      "command": "bin/quickaml test/fib_apply.qbc",
      "mean": 2.3209800148,
      "stddev": 0.04839867669459203,
      "median": 2.3047510655,
      "user": 2.31979,
      "system": 0.0009962,
      "min": 2.28628805,
      "max": 2.450287302,
      "times": [
        2.28628805,
        2.288011658,
        2.301561593,
        2.332169711,
        2.301264028,
        2.292625706,
        2.307940538,
        2.334219622,
        2.31543194,
        2.450287302
      ],
      "exit_codes": [
        0,
        0,
        0,
        0,
        0,
        0,
        0,
        0,
        0,
        0
      ]
    }
  ]
}
