{
  "results": [
    {
      "command": "bin/quickaml test/fib_call.qbc",
      "mean": 1.8860559785,
      "stddev": 0.0166971241602682,
      "median": 1.8808428725000002,
      "user": 1.8857813999999997,
      "system": 0.0,
      "min": 1.869710541,
      "max": 1.92801219,
      "times": [
        1.887570328,
        1.8783732720000001,
        1.880666552,
        1.892164942,
        1.893800619,
        1.8810191930000002,
        1.872736498,
        1.92801219,
        1.87650565,
        1.869710541
      ],
      "exit_codes": [
        0,
        0,
        0,
        0,
        0,
        0,
        0,
        0,
        0,
        0
      ]
    }
  ]
}
